[
  {
    "name": "John",
    "email": "john@gmail.com",
    "password": "123456",
    "age": 35,
    "favMovie": "The Matrix"
  },
  {
    "name": "Jane",
    "email": "jane@gmail.com",
    "password": "123456",
    "age": 35,
    "favMovie": "The Matrix"
  },
  {
    "name": "Matt",
    "email": "matt@gmail.com",
    "password": "123456",
    "age": 35,
    "favMovie": "The Matrix"
  },
  {
    "name": "Jeff",
    "email": "jeff@gmail.com",
    "password": "123456",
    "age": 35,
    "favMovie": "The Matrix"
  }
]